topic,title,content,source
Giáo Dục,Điểm sàn xét tuyển năm 2022 của Trường Đại học Sư phạm Hà Nội,"Điểm sàn xét tuyển các ngành đào tạo đại học chính quy theo phương thức 1 - sử dụng kết quả thi tốt nghiệp THPT đối với thí sinh là học sinh phổ thông khu vực 3 có mức điểm tối thiểu (không nhân hệ số, thang điểm 30) của tất cả các tổ hợp xét tuyển tương ứng vào các ngành đào tạo như sau: Đối với các ngành đào tạo giáo viên (sư phạm) Đối với các ngành đào tạo khác (ngoài sư phạm)",laodong
Thời Sự,"Hai xe khách tông nhau, một người chết - VnExpress","Lúc tai nạn, trên hai xe chở nhiều khách. Một số người rơi ra khỏi giường, va đập vào kính xe. Một hành khách trên xe biển Khánh Hoà tử vong. Tại hiện trường, hai ôtô hư hỏng, phần kính chắn vỡ nát, chắn hết toàn bộ phần đường đi. Tai nạn khiến đoạn đường gần nút giao ngã ba Thành ùn tắc kéo dài. Nguyên nhân vụ tai nạn đang được điều tra. Bùi Toàn",vnexpress
Thời Sự,Bộ trưởng Ngoại giao Bùi Thanh Sơn sẽ tham dự AMM-55 và các Hội nghị liên quan tại Campuchia,"Nhận lời mời của Phó Thủ tướng, Bộ trưởng Ngoại giao và Hợp tác quốc tế Campuchia Prak Sokhonn, Bộ trưởng Ngoại giao Bùi Thanh Sơn sẽ dẫn đầu đoàn Việt Nam tham dự Hội nghị Bộ trưởng Ngoại giao ASEAN lần thứ 55 (AMM-55) và các Hội nghị Bộ trưởng Ngoại giao giữa ASEAN với Đối tác từ ngày 2-6/8 tại Phnom Penh, Campuchia.",baoquocte
Xã Hội,Căn nhà 4 tầng ở Sơn La bất ngờ sập tầng 1,"Ngôi nhà được xây hơn 10 năm về trước. Thời gian gần đây, gia đình đang tiến hành sửa chữa. Đến khoảng 18h chiều nay, công nhân đang thi công thấy ngôi nhà có dấu hiệu sụt lún. Sau đó, căn nhà 4 tầng bị nghiêng một bên, tầng một bị sập hoàn toàn. Rất may không có thiệt hại về người. Nguyên nhân vụ việc đang được cơ quan chức năng làm rõ./. Video: Tầng 1 của ngôi nhà 4 tầng bị đổ sập",vov.vn
Xã Hội,[INFOGRAPHIC] Chủ động phòng chống bệnh cúm,"Thời tiết giao mùa, khí hậu thay đổi thất thường tạo điều kiện cho virus cúm dễ dàng phát triển và lan truyền. Bệnh cúm thông thường diễn biến nhẹ, tuy nhiên trong một số trường hợp, bệnh gây biến chứng nguy hiểm, có thể dẫn đến tử vong. * Mời quý độc giả theo dõi các chương trình đã phát sóng của Đài Truyền hình Việt Nam trên TV Online và VTVGo! Từ khóa:",vtv.vn
Xã Hội,Trường Đại học Công nghệ Thông tin (Đại học Quốc gia TP. Hồ Chí Minh) công bố điểm sàn,Trường Đại học Công nghệ Thông tin (Đại học Quốc gia TP. Hồ Chí Minh) thông báo điểm sàn xét tuyển dựa trên kết quả thi tốt nghiệp THPT năm 2022 là 23 điểm cho tất cả các ngành và các tổ hợp xét tuyển. Điểm sàn là điểm thấp nhất mà thí sinh được đăng ký xét tuyển vào trường. Tham khảo điểm chuẩn Trường Đại học Công nghệ Thông tin các năm trước:  ,baoquocte
Giáo Dục,CẬP NHẬT: Danh sách các trường đại học đã công bố điểm sàn đến ngày 29/7,"Ghi nhận cho thấy, đến thời điểm này, mức điểm sàn cao nhất là 23,5 ( Trường Đại học Ngoại thương) và thấp nhất là 14,5 (Trường ĐH Nội vụ). Danh sách cụ thể của các trường đã công bố như sau: Theo ý kiến của các chuyên gia, khi đăng ký nguyện vọng, thí sinh cần căn cứ vào điểm sàn năm nay và điểm chuẩn năm trước của ngành để có thể định hướng được cơ hội trúng tuyển.' Tiếp tục cập nhật....",tienphong
Giáo Dục,Điểm sàn Trường Đại học Công nghệ thông tin 2022,Trường ĐH Công nghệ Thông tin (ĐH Quốc gia TP.HCM) thông báo điểm sàn xét tuyển dựa trên kết quả thi tốt nghiệp THPT năm 2022 là 23 điểm cho tất cả các ngành và các tổ hợp xét tuyển. Điểm sàn là điểm thấp nhất mà thí sinh được đăng ký xét tuyển vào trường. Tham khảo điểm chuẩn Trường ĐH Công nghệ Thông tin các năm trước: Mời quý phụ huynh và học sinh tra cứu biến động điểm chuẩn đại học 2018-2021,vietnamnet.vn
Giáo Dục,24 điểm có nên học ngành Quản trị Nhân lực?,"Sau khi tra đáp án các môn thi tốt nghiệp THPT, em được khoảng 24 điểm. Em không có đam mê nhất định với ngành nào cả. Sau khi tìm hiểu, em thấy ngành Quản trị Nhân lực khá hot nên thắc mắc là với số điểm này có nên theo học hay không? Em mong được mọi người gợi ý một số trường đào tạo ngành Quản trị Nhân lực. Hoàng Thị Bích",vnexpress
Thời Sự,"Thủ tướng chủ trì cuộc họp về kiểm soát lạm phát, ổn định kinh tế vĩ mô","Tham dự cuộc họp có: Phó Thủ tướng Lê Minh Khái, Bộ trưởng, Chủ nhiệm Văn phòng Chính phủ Trần Văn Sơn, Bộ trưởng Kế hoạch và Đầu tư Nguyễn Chí Dũng, Thống đốc Ngân hàng Nhà nước Nguyễn Thị Hồng, Bộ trưởng Tài chính Hồ Đức Phớc, Bộ trưởng Công Thương Nguyễn Hồng Diên, lãnh đạo các bộ, ngành, cơ quan liên quan.",vietnamnet.vn
Giáo Dục,Điểm sàn Trường ĐH Công nghệ Thực phẩm TP.HCM 2022,"Cụ thể, điểm sàn các ngành Trường ĐH Công nghiệp Thực phẩm TP.HCM theo phương thức điểm thi tốt nghiệp THPT năm 2022 như sau: Nhà trường thực hiện tuyển thí sinh tốt nghiệp THPT và có tham dự kỳ thi tốt nghiệp THPT năm 2022 trong cả nước. Điểm sàn là mức điểm tối thiểu của thí sinh là học sinh THPT ở khu vực 3 đối với mỗi tổ hợp xét tuyển gồm 3 bài thi/ môn thi tương ứng với ngành.",vietnamnet.vn
Giải Trí,Thùy Tiên: 'Tôi tới Angola không phải để hẹn hò' - VnExpress Giải trí,"Giữa tháng 7, hoa hậu Thùy Tiên đến Angola, tặng giếng, sách vở, đồ dùng sinh hoạt... cho nhiều người bản xứ. Cô được Phạm Quang Linh - người Việt sống lâu năm tại châu Phi kiêm vlogger nổi tiếng - giúp đỡ, đồng hành. Nhiều hình ảnh, video trong chuyến đi của họ được đăng trên mạng xã hội, kèm thông tin chuyện tình cảm. Hoa hậu nói về tin đồn và cảm xúc về chuyến đi.",vnexpress
Giải Trí,Chiến sĩ công an Huyền Trang chụp hình cùng em trai công an trong 'Đấu trí',Chiến sĩ công an Lưu Huyền Trang vào vai Mộng Mơ - bà chủ tiệm massage trong Thương ngày nắng về 2 mới tung bộ hình thân thiết cùng em trai Lưu Duy Khánh. Duy Khánh gây ấn tượng với khán giả khi vào vai công an xã trong Phố trong làng. Anh cũng đảm nhiệm vai thiếu uý Nguyễn Bá Thành trong phim Đấu trí - đang phát sóng giờ vàng VTV.,vietnamnet.vn
Thời Sự,Khánh Hòa: Đìu hiu phố Tây Nha Trang trong mùa du lịch,"Sau dịch Covid-19, lượng khách du lịch đến TP.Nha Trang đang tăng mạnh, nhất là vào những tháng cao điểm hè năm nay. Thế nhưng, nhiều mặt bằng cho thuê tại các khu phố Tây ở thành phố biển này như Nguyễn Thiện Thuật, Hùng Vương, Biệt Thự, Trần Phú... vẫn đang trong tình trạng đìu hiu, vắng vẻ. Nhiều nơi treo biển sang nhượng, cho thuê hoặc đóng cửa, bỏ hoang.",thanhnien.vn
Đời Sống,Vợ chồng tự nhào đất làm nhà 2 tầng lợp cỏ tranh hệt như cổ tích ở làng quê | Báo Dân trí,"Vào thời điểm về quê sinh sống, 2 vợ chồng đã phải đối diện nhiều lời dị nghị và phản đối. Tuy nhiên, sự quyết tâm của cặp đôi không chỉ thay đổi cuộc sống của chính mình mà còn giúp thay đổi môi trường nơi các con lớn lên. Giờ đây, họ đang thảnh thơi tận hưởng không gian sống tuyệt vời nơi làng quê, được trải nghiệm những điều gần gũi thiên nhiên mỗi ngày.",dantri
Giáo Dục,Học Luật ở đại học công lập hay tư thục? - VnExpress,Em tính học Luật nhưng đang phân vân chọn đại học công hay tư thục để học. Nhà em đủ điều kiện để vào trường tư nhưng em không biết trường công hay tư chất lượng hơn. Em định vào Đại học Luật TP HCM vì nghe tiếng trường dạy tốt song cũng mong được tư vấn nên học ở đâu. Em mong được các anh chị cho ý kiến. Đào Nhật Hoàng,vnexpress
Giải Trí,Những món đồ người thấp cần tránh xa,"Mặc cả bộ màu sắc sặc sỡ, nhiều họa tiết gây rối mắt cũng kém tôn dáng. Ảnh: TST Mặc cả bộ màu sắc sặc sỡ, nhiều họa tiết gây rối mắt cũng kém tôn dáng. Ảnh: TST Phong cách phối layer tạo ra nhiều lớp quần áo ngắn, dài khác nhau, khiến tổng thể thiếu liền mạch. Ảnh: SDM Phong cách phối layer tạo ra nhiều lớp quần áo ngắn, dài khác nhau, khiến tổng thể thiếu liền mạch. Ảnh: SDM",vnexpress
Giáo Dục,Điểm chuẩn xét tuyển kết hợp Trường Đại học Hà Nội năm 2022,"Theo đó, trường công nhận 1843 thí sinh đủ kiều kiện trúng tuyển (trừ điều kiện tốt nghiệp THPT) vào đại học hình thức chính quy diện xét tuyển thẳng, ưu tiên xét tuyển thẳng và phương thức xét tuyển kết hợp năm 2022. Trong đó: -  49 thí sinh trúng tuyển diện xét tuyển thẳng, ưu tiên xét tuyển thẳng; -  1794 thí sinh trúng tuyển theo phương thức xét tuyển kết hợp.",laodong
Giáo Dục,"Trường ĐH Công nghiệp TP HCM công bố điểm chuẩn học bạ, đánh giá năng lực","Với phương thức xét kết quả thi đánh giá năng lực, điểm chuẩn của nhiều ngành từ 800 trở lên, trong đó ngành kinh doanh quốc tế 900 điểm... Điểm chuẩn các ngành/chương trình đào tạo cụ thể: Với phương thức xét học bạ, 5 ngành có điểm chuẩn từ 28 trở lên, trong đó 2 ngành có điểm chuẩn cao nhất 28,50 là marketing, kinh doanh quốc tế. Điểm chuẩn cụ thể như sau:",nld
Thời Sự,Điện chia buồn nguyên Trưởng ban Đối ngoại Trung ương Đảng Cộng sản Cuba từ trần,"Được tin đồng chí José Ramón Balaguer Cabrera, sáng lập viên Đảng Cộng sản Cuba (PCC), nguyên Ủy viên Bộ Chính trị, nguyên Bí thư Trung ương Đảng, nguyên Trưởng Ban Đối ngoại Trung ương Đảng Cộng sản Cuba từ trần, Ban Chấp hành Trung ương Đảng ta đã gửi Điện chia buồn tới Ban Chấp hành Trung ương Đảng Cộng sản Cuba.",baoquocte
Xã Hội,"""Choáng"" với giá phòng ngủ trong hang hơn 60 triệu đồng/đêm tại Ninh Bình","Phòng nghỉ ""kỳ lạ"" này được quảng cáo rộng 25 m2, gồm 1 giường siêu lớn và 1 phòng tắm riêng. Trong ảnh, phòng nghỉ này nằm trong vách đá, ngoài đệm ngủ cỡ lớn còn có nhiều hạng mục như phòng tắm, nhà vệ sinh, bàn ghế và tủ đứng. Đáng chú ý là một số khu vực đã được lát gạch khá kiên cố, khó tránh khỏi tác động vào cảnh quan tự nhiên.",kenh14
Xã Hội,"ĐH Kinh tế Quốc dân công bố điểm chuẩn một số phương thức, cao nhất 28,33 điểm","Các thí sinh trúng tuyển theo phương thức này phải xác nhận nhập học trên hệ thống của Bộ GD-ĐT từ ngày 22/7 - 20/8. Sau khi xác nhận nhập học, thí sinh phải nhập học theo hình thức trực tuyến trên hệ thống của Trường từ ngày 10/8 đến 20/8. Quá thời hạn này, thí sinh không thực hiện yêu cầu trên coi như từ chối nhập học. Điểm chuẩn các ngành cụ thể như sau:",vov.vn
Giáo Dục,Điểm chuẩn học bạ các trường đại học nhảy vọt thế nào trong 3 năm qua? - Tuổi Trẻ Online,"Điểm chuẩn học bạ một số ngành nhảy vọt trong vài năm qua. Thống kê cho thấy, ngoại trừ một số ít ngành có điểm chuẩn trồi sụt, đại đa số các ngành đều có điểm chuẩn tăng dần đều trong 3 năm qua. Trong đó, một số ngành tăng đến 5, 7 điểm. Điểm chuẩn một số ngành tăng mạnh ở các trường như sau:  ",tuoitre.vn
Giáo Dục,"Thắc mắc về ngành Kinh doanh quốc tế, Cơ kỹ thuật - VnExpress","Em sinh năm 2004 và mới hoàn thành kỳ thi tốt nghiệp THPT. Hiện em phân vân giữa hai ngành Kinh doanh quốc tế và Cơ kỹ thuật. Em muốn được tư vấn về cơ hội việc làm của hai ngành này, các yêu cầu với sinh viên theo học (liệu có bắt buộc giỏi một môn nào đó không) để đưa ra lựa chọn phù hợp. Nhờ anh chị và mọi người hỗ trợ. Bi",vnexpress
Đời Sống,14 mẹo nhỏ nhưng lại giúp ích rất nhiều cho cuộc sống mà ai cũng nên biết,"Đôi khi, việc tiết kiệm thời gian và công sức cũng là một bí quyết để tận hưởng một cuộc sống thư thái và dễ chịu. Một số mẹo trong cuộc sống có thể khiến cuộc sống của chúng ta trở nên dễ dàng hơn rất nhiều, nhưng không phải ai cũng biết hoặc cũng có thể tự mình tìm ra những điều này. Không sao, giờ đã đến lúc thay đổi bản thân rồi đó các bạn ạ! Nguồn: Bright Side",soha
Giải Trí,Hôn nhân hạnh phúc bỏ qua bàn tán của Hà Thanh Xuân và 'Vua cá Koi',"Sau hơn 2 tháng về chung một nhà, ca sĩ Hà Thanh Xuân và 'vua cá Koi Việt Nam' Thắng Ngô có cuộc sống hôn nhân hạnh phúc, bỏ qua mọi lời bàn tán, dị nghị trước đó. Người chăm chỉ chia sẻ những hình ảnh ngọt ngào của cả hai là doanh nhân Thắng Ngô. Anh thậm chí còn đăng ảnh khóa môi vợ ngay giữa chốn đông người khi cả hai đi du lịch. ",vietnamnet.vn
Xã Hội,"Grab, Be và Gojek đang có mức chiết khấu và phụ thu những loại phí gì?","Các hãng xe công nghệ hàng đầu Việt Nam như Grab, Be, Gojek đều có phụ phí và đều gộp những khoản này vào giá cước. Sau đó, giữa tài xế đối tác và các hãng xe công nghệ này mới phân chia theo tỉ lệ phần trăm. Song mỗi hãng xe lại có tỉ lệ phân chia khác nhau và mức thu phụ phí cũng không thống nhất.",kenh14
Giải Trí,Sao Việt 16/7: Hình ảnh hiếm không có trên sóng của gia đình MC Lại Văn Sâm,"Sao Việt 16/7: Du lịch cùng nhau, đạo diễn Lại Bắc Hải Đăng - con trai MC Lại Văn Sâm ghi lại khoảnh khắc cả gia đình ""nhí nhố"", hạnh phúc bên nhau. ""Cuộc sống tươi đẹp cơ bản là phải cùng nhìn về một hướng nhưng nên lệch chút thì vui hơn"", Lại Bắc Hải đăng hài hước chia sẻ trên trang cá nhân. ",vietnamnet.vn
Giáo Dục,Chọn trường nào để học Công nghệ thông tin? - VnExpress,"Em vừa hoàn thành kỳ thi tốt nghiệp THPT và chuẩn bị đăng ký nguyện vọng xét tuyển đại học. Em định theo đuổi ngành Công nghệ thông tin nhưng học lực khó vào các trường top được. Hiện, em phân vân giữa hai trường là Đại học Công nghệ Sài Gòn và Đại học Công nghiệp TP HCM. Mọi người cho em lời khuyên để em có thể đưa ra lựa chọn phù hợp với ạ. Minh Hoàng",vnexpress
Giáo Dục,Đáp án môn Toán kỳ thi tốt nghiệp THPT 2022,"Theo nhận định của các giáo viên, đề thi Toán trong kỳ thi tốt nghiệp THPT năm 2022 có mức độ khó với đa số thí sinh, nhất là các bạn lực học trung bình khá, có chút khó khăn, thiệt thòi khi học tập trong điều kiện dịch bệnh không thuận lợi. Đáp án môn Toán tại đây.",tienphong
Đời Sống,Những sự thật thú vị chứng minh Nhật Bản khác biệt với tất cả các quốc gia khác,"Nhật Bản cũng là một quốc gia đáng kinh ngạc, trong đó truyền thống từ quá khứ được kết hợp lý tưởng với tiến bộ khoa học và công nghệ. Nhật Bản còn được biết đến là một quần đảo của núi lửa. Hiện tại đang có 186 núi lửa đang hoạt động và 6.852 hòn đảo lớn nhỏ. Dưới đây là những sự thật thú vị chứng minh Nhật Bản khác biệt với tất cả các quốc gia khác:",soha
Giải Trí,Dàn người đẹp Hoa hậu các dân tộc Việt Nam khoe body nóng bỏng với bikini,"Sau thời gian không ngừng tập luyện, trau dồi kỹ năng, dàn thí sinh Hoa hậu các dân tộc Việt Nam 2022 thể hiện rõ sự trưởng thành, phong thái tự tin và kiểm soát tốt ngôn ngữ hình thể trước ống kính. Top 30 vừa thực hiện bộ ảnh áo tắm nóng bỏng trước khi bước vào đêm chung kết căng thẳng.",thanhnien.vn
Giải Trí,"Sao Việt 14/7: Công Lý ngồi xe lăn, Bảo Thanh tình cảm bên chồng","Sao Việt 14/7: Đăng ảnh Công Lý hoá thân vào người chồng bệnh tật phải ngồi xe lăn, Vân Dung còn vui vẻ làm thơ: ""Chồng em chân ngắn, nhiều lông/ Da ngăm rám nắng chứ không mịn màng/ Chân ngắn nên mới vững vàng/ Không nghiêng ngả trước những nàng hotgirl"". ",vietnamnet.vn
Giáo Dục,Các trường có ngành Kế toán ở Hà Nội và điểm chuẩn 2 năm qua,"Ở Hà Nội, có khá nhiều trường đại học đào tạo ngành Kế toán, từ các trường top đầu như: Đại học Ngoại thương, Đại học Kinh tế Quốc dân, Học viện Tài chính… Điểm chuẩn ngành Kế toán của các trường đại học có ngành Kế toán ở Hà Nội thường phụ thuộc vào độ ""hot"" của trường do sự canh tranh đầu vào, cũng như uy tín đào tạo của các trường này.",danviet
Giáo Dục,Không giỏi Toán có thể học Kỹ thuật phần mềm?,"Nếu không giỏi Toán mà ""đâm đầu"" theo Kỹ thuật phần mềm, em không biết mình có chọn sai không. Gia đình em bảo phải giỏi hết Toán, Lý, Hóa mới có thể học các chuyên ngành về Công nghệ thông tin. Em phân vân nên đang tìm hiểu thêm về các ngành khác như Thiết kế đồ họa, Quản trị du lịch và lữ hành. Mọi người hãy tư vấn giúp em với. Song Trinh",vnexpress
Giáo Dục,Bộ Giáo dục và đào tạo công bố đáp án môn ngữ văn của kỳ thi tốt nghiệp THPT năm 2022,"Theo quy định của Bộ Giáo dục và đào tạo, các hội đồng chấm thi tự luận phải họp để chấm chung một số bài, nhằm thống nhất hướng dẫn chấm. Sau đó, việc chấm thi sẽ triển khai theo 2 vòng độc lập. Trường hợp điểm bài thi giữa hai giám khảo chấm ở 2 vòng độc lập vênh nhau sẽ phải đối thoại để đi tới thống nhất. Dự kiến ngày 24-7 sẽ công bố điểm thi tốt nghiệp THPT năm nay.",tuoitre.vn
Thời Sự,Công viên Phù Đổng hoang tàn trên bờ biển Nha Trang,"Theo đó, UBND tỉnh Khánh Hòa giao TP.Nha Trang tiếp tục có văn bản yêu cầu Công ty TNHH Invest Park Nha Trang cung cấp hồ sơ, tài liệu phục vụ công tác bàn giao phần diện tích đất hơn 21.777 m2 tại bờ biển Nha Trang; đồng thời ấn định thời gian yêu cầu hoàn thành việc cung cấp hồ sơ, bàn giao mặt bằng khu đất nói trên theo đúng quy định pháp luật.",thanhnien.vn
Giáo Dục,Gợi ý đáp án môn Tiếng Anh tốt nghiệp THPT 2022,Các thí sinh đã hoàn tất bài thi Ngoại ngữ trong chiều 8/7. Tiếng Anh là 1 trong 7 môn thi của bài thi này. Dưới đây là gợi ý đáp án môn Tiếng Anh từ Tuyensinh247 và hệ thống giáo dục Học mãi:  * Mời quý độc giả theo dõi các chương trình đã phát sóng của Đài Truyền hình Việt Nam trên TV Online và VTVGo! Từ khóa:,vtv.vn
Giáo Dục,Gợi ý đáp án môn Địa lý tốt nghiệp THPT 2022,"Các thí sinh đã hoàn tất bài thi Khoa học Xã hội trong sáng 8/7. Trong đó, môn Địa lý là môn thi thứ hai, thời gian làm bài 50 phút. Gợi ý đáp án môn Địa lý từ Tuyensinh247: (Tiếp tục cập nhật) * Mời quý độc giả theo dõi các chương trình đã phát sóng của Đài Truyền hình Việt Nam trên TV Online và VTVGo! Từ khóa:",vtv.vn
Giáo Dục,Chọn ngành mình thích hay theo định hướng gia đình? - VnExpress,"Em năm nay thi đại học khối A00. Em khá hứng thú với các ngành như designer, marketing và có khả năng sáng tạo, trí tưởng tượng phong phú... nhưng học phí khá cao với em. Trong khi đó, mẹ em định hướng học kinh tế. Em mong được mọi người cho ý kiến và tư vấn. Vanasi Nguyen",vnexpress
Giáo Dục,Kỷ luật người đứng đầu NXB Giáo dục Việt Nam vì sai phạm liên quan sách giáo khoa,"Theo đó ông Nguyễn Đức Thái có khuyết điểm, vi phạm chính sách pháp luật của Nhà nước trong chỉ đạo Nhà xuất bản Giáo dục Việt Nam tổ chức thực hiện sản xuất, kinh doanh, biên soạn, in ấn, kê khai, phát hành sách giáo khoa mới. Đồng thời, thiếu trách nhiệm trong lãnh đạo, chỉ đạo Đảng ủy, Ủy ban Kiểm tra Đảng ủy kiểm tra, giám sát việc tổ chức thực hiện các nghị quyết...",tienphong
Giáo Dục,Ngành Blockchain cần các kỹ năng gì?,"Em là sinh viên năm nhất ngành hệ thống thông tin, Đại học Bách khoa Hà Nội, và định hướng trở thành Blockchain Developer. Em đang phân vân tiềm năng phát triển, cũng như các kỹ năng cần có để theo được mảng này. Em mong được các anh, chị trong ngành tư vấn.",vnexpress
Giáo Dục,Thử trí nhớ về tác giả những bài thơ nổi tiếng,"Câu 1: Tác phẩm Việt Bắc với những câu thơ sau là sáng tác của ai? Mình về mình có nhớ ta?
Mười lăm năm ấy thiết tha mặn nồng.
Mình về mình có nhớ không
Nhìn cây nhớ núi, nhìn sông nhớ nguồn? a. Tố Hữu b. Sóng Hồng c. Nguyễn Đình Thi Lê Nam (tổng hợp)",vnexpress
Xã Hội,"Lai Châu: 60 cán bộ, chiến sĩ và dân quân giúp nhân dân khắc phục hậu quả mưa lũ","  Nhận được báo cáo, Bộ Chỉ huy quân sự tỉnh Lai Châu đã chỉ đạo Ban Chỉ huy quân sự huyện Mường Tè, tham mưu cho UBND huyện Mường Tè, điều động 60 dân quân và lực lượng thường trực giúp nhân dân di dời người và tài sản đến nơi an toàn, khắc phục hậu quả ngập úng và vệ sinh môi trường. Tin, ảnh: HÀ KHÁNH - NGUYỄN CHÍNH",qdnd.vn
Xã Hội,Dông lốc khiến nhiều ngôi nhà bị hư hại ở Bắc Kạn,"2 lớp học và 1 nhà công vụ của giáo viên cũng bị hư hại khá nghiêm trọng. Nhiều diện tích hoa màu, cây trồng cũng bị gãy đổ. Một người dân bị thương nhẹ do cây đổ khi đang di chuyển trên đường. Chính quyền địa phương và người dân đã khẩn trương hỗ trợ các hộ nhà bị hư hại vận chuyển, bảo quản đồ đạc, di dời tạm đến nơi an toàn và khẩn trương khắc phục, sửa chữa nhà cửa, ổn định cuộc sống./.",vov.vn
Thời Sự,Lùm xùm tại dự án Sông Lô: Thanh tra Chính phủ yêu cầu xử lý dứt điểm,"Phó thủ tướng Chính phủ Lê Minh Khái vừa có văn bản yêu cầu Thanh tra Chính phủ (TTCP) chủ trì phối hợp với Bộ TN-MT, UBND tỉnh Khánh Hòa và một số cơ quan làm rõ nội dung liên quan đến dự án Khu du lịch và giải trí Sông Lô (nay là tổ hợp du lịch Diamond Bay resort & spa Nha Trang, gọi tắt là dự án Sông Lô; ở xã Phước Đồng, TP.Nha Trang); báo cáo Thủ tướng Chính phủ trước ngày 15.7.2022.",thanhnien.vn
Giải Trí,"Thương ngày nắng về: ""Bóc giá"" thời trang sinh viên của cô út Vân Vân","Là em út trong gia đình ba chị em gái, Vân Vân có tính cách nhí nhảnh với phong cách tối giản, năng động. Lấy cảm hứng từ hình ảnh của những cô sinh viên ở đời thường, Khúc Mạnh Quân chuẩn bị cho Ngọc Huyền khoảng 150 món đồ để mix match, chủ yếu đến từ các thương hiệu trong nước hoặc trên các sàn thương mại điện tử để đảm bảo mức giá bình dân.",baoquocte
Giải Trí,Sao Việt 5/7: Việt Anh mong Hồng Diễm là người vợ cuối cùng," Sao Việt 5/7: Diễn viên Việt Anh sắp kết hợp với Hồng Diễm trong phim mới, còn gọi là vợ tốt: ""Thấy bảo đây là người vợ tốt, hy vọng đây sẽ là người vợ cuối cùng của 6 tháng cuối năm nay, không thêm người vợ nào nữa, mệt lắm rồi đấy"", nam diễn viên viết trên trang cá nhân.",vietnamnet.vn
Giáo Dục,Học trường chuyên hay không chuyên để làm cảnh sát?,"Em sắp lên lớp 9 và đang xây dựng một số định hướng thi vào lớp 10. Em phân vân giữa việc thi vào trường THPT chuyên hay học trường không chuyên. Em nghĩ nếu học trường chuyên, cơ hội vào trường Cảnh sát là thấp bởi điểm học bạ của em khó mà cao được. Còn ở trường không chuyên, em lại thấy chất lượng đào tạo không bằng trường chuyên.. Mong được mọi người tư vấn ạ. Phương Thảo",vnexpress
Giải Trí,"Ninh Dương Lan Ngọc, Lê Xuân Tiền ăn mặc đồng điệu","Ninh Dương Lan Ngọc và Lê Xuân Tiền là cặp đôi đẹp của màn ảnh rộng. Mới đây, họ tái ngộ trong loạt ảnh thời trang mới, diện các thiết kế mới của NTK Đỗ Mạnh Cường. Anh đặt dệt, nhuộm riêng để có được chất liệu, màu sắc riêng, ưng ý cho bộ sưu tập lần này. Ảnh: Milor Trần ",vietnamnet.vn
Thời Sự,Lãnh đạo Việt Nam gửi điện mừng Quốc khánh Hợp chúng quốc Hoa Kỳ,"Nhân dịp này, Chủ tịch Quốc hội Vương Đình Huệ đã gửi điện mừng tới Chủ tịch Thượng viện Hợp chúng quốc Hoa Kỳ Kamala Harris và Chủ tịch Hạ viện Hợp chúng quốc Hoa Kỳ Nancy Pelosi. Cùng ngày, Bộ trưởng Ngoại giao Bùi Thanh Sơn đã gửi điện mừng tới Ngoại trưởng Hợp chúng quốc Hoa Kỳ Antony Blinken.",baoquocte
Thời Sự,Thủ tướng chủ trì Hội nghị trực tuyến Chính phủ với địa phương,"Hội nghị và phiên họp được kết nối trực tuyến tới UBND các tỉnh, thành phố trực thuộc Trung ương. Cùng tham dự Hội nghị và phiên họp tại điểm cầu Chính phủ có các Phó Thủ tướng Chính phủ: Phạm Bình Minh, Lê Minh Khái, Vũ Đức Đam, Lê Văn Thành; Phó Chủ tịch nước Võ Thị Ánh Xuân; các thành viên Chính phủ; Trợ lý Tổng Bí thư Đinh Văn Ân.",vietnamnet.vn
Giáo Dục,Gần 50 trường ĐH công bố điểm chuẩn xét tuyển các phương thức riêng,"Điểm chuẩn cụ thể của các trường như sau: Các trường khu vực phía Bắc: Theo quy định của Quy chế năm nay, các trường không được gửi giấy báo nhập học sớm. Tất cả các phương thức xét tuyển phải được thí sinh đăng ký trên cổng tuyển sinh của Bộ GD&ĐT. Tiền Phong tiếp tục cập nhật danh sách các trường.",tienphong
Giải Trí,Sao Việt 2/7: Ngọc Huyền được ông xã tặng hoa đô la mừng sinh nhật,"Sao Việt 2/7:  NSƯT Ngọc Huyền chia sẻ loạt ảnh mừng tuổi mới bên người thân trong gia đình. Trong ngày sinh nhật thứ 52, cô đào đình đám của sân khấu cải lương khoe dung mạo ngày càng trẻ trung, xinh đẹp và phong cách ăn mặc cực nữ tính. Nữ nghệ sĩ được nhận xét là ""lão hóa ngược"" vì biết cách chăm sóc dung nhan rất tốt.",vietnamnet.vn
Đời Sống,Tháng 7 từ miền Nam ghé thăm làng Sen quê Bác,"Đó là khu di tích lịch sử Kim Liên tại xã Kim Liên, H.Nam Đàn, tỉnh Nghệ An với nhà tưởng niệm Chủ tịch Hồ Chí Minh cùng di tích nhà cụ Phó bảng Nguyễn Sinh Sắc (thân sinh Bác Hồ). Lần đầu tiên đến với mảnh đất đã sinh thành và nuôi lớn một bậc vĩ nhân, đã giúp tôi như hiểu và yêu thêm cuộc đời, trái tim vĩ đại của Người.",thanhnien.vn
Giải Trí,Hồng Đăng không lên sóng số đầu tiên 'Cuộc hẹn cuối tuần'," Trước đó, tại cuộc họp báo thông báo về chương trình Cuộc hẹn cuối tuần mùa 2, BTC cho biết, khách mời những số đầu tiên là diễn viên Hồng Đăng và Lan Phương. Diễn viên Hồng Đăng và nhạc sĩ Hồ Hoài Anh đang cùng có chuyên đi công tác ở Ý và Tây Ban Nha. Tuy nhiên, vợ diễn viên Hồng Đăng và NSND Trung Hiếu - Giám đốc Nhà hát Kịch Hà Nội đều không liên lạc được với nam nghệ sĩ. Ngân An",vietnamnet.vn
Giải Trí,Á hậu Trương Thị May sánh đôi bên con trai đạo diễn Công Hậu,"Tối 30.6, bộ phim điện ảnh Kẻ đào mồ đã có buổi ra mắt khán giả tại TP.HCM. Dự án đầu tay của đạo diễn Công Hậu với sự góp mặt của Trương Thị May đã tạo được nhiều sự chú ý. Bên cạnh Á hậu người Khmer, phim còn có sự tham gia của con trai đạo diễn Công Hậu - Nhất Duy cùng các diễn viên Đức Hải, Ngọc Trai, Xuân Hương, Bạch Long, Phương Dung, Bảo Trí, Tấn Bo, Dũng Nhí…",thanhnien.vn
Giáo Dục,Có nên học ngành Kỹ thuật xét nghiệm y học?,"Em không biết ngành này cơ hội việc làm cao không, dễ xin việc vào các bệnh viện hoặc trung tâm nghiên cứu không, công việc có độc hại không? Giữa ngành Điều dưỡng của Đại học Y Hà Nội và Kỹ thuật xét nghiệm của Đại học Y Thái Bình thì nên học ở đâu hơn ạ? Em mong nhận được tư vấn. Huyền Huyền",vnexpress
Đời Sống,Trang Lê tiếp tục được chọn là Đại sứ thương hiệu Ý,"Nằm trong khuôn khổ dự án The Extraordinary Italian Taste do Bộ Ngoại giao và Hợp tác quốc tế Ý triển khai tại hơn 40 quốc gia, hôm 29/6, sự kiện True Italian Taste với chủ đề Authentic Italian Table - Italian Breakfast & Aperitivo (tạm dịch ""Bữa sáng và bữa nhẹ kiểu Ý"") đã diễn ra trong không khí ấm cúng tại Hà Nội.  Ngọc Mai",vietnamnet.vn
Giải Trí,Lộ diện 30 cô gái đẹp nhất Hoa hậu các dân tộc Việt Nam,"Trải qua 3 tháng với nhiều vòng tuyển chọn, cuộc thi Hoa hậu các Dân tộc Việt Nam 2022 đã tìm ra 30 cô gái tài năng nhất bước vào đêm chung kết ngày 16.7. Trong top 30, có nhiều thí sinh dân tộc thiểu số có thành tích xuất sắc cùng chiều cao khủng. Đặc biệt, người đẹp Khơ Mú Hoàng Thị Lả và Hoa khôi trường Luật Lâm Đàm Thiều Ly không nằm ngoài sự kỳ vọng của khán giả.",thanhnien.vn
Giáo Dục,23-24 điểm nên chọn Marketing hay Công nghệ thông tin,"Em là học sinh lớp 12, học lực khá. Em dự định xét tuyển học bạ, điểm khoảng 23-24 và đang phân vân học Marketing hoặc Công nghệ thông tin. Với điểm như vậy, em có thể đăng ký xét tuyển trường nào có chất lượng ổn và học phí vừa tầm ạ? Em cũng quan tâm đến tỷ lệ sinh viên có việc làm sau khi tốt nghiệp những trường này nên nếu có thêm thông tin, nhờ anh chị tư vấn giúp. Em xin cảm ơn. Diễm Hương",vnexpress
Đời Sống,Những hình ảnh hài hước chứng minh băng dính có thể giải quyết mọi vấn đề,"Người đã phát minh ra băng dính chắc chắn xứng đáng nhận được giải thưởng vì những đóng góp của mình cho sự phát triển của nhân loại. Theo quan điểm của nhiều người, hầu như mọi vấn đề đều có thể được giải quyết với băng dính. Dưới đây là những hình ảnh hài hước chứng minh băng dính có thể giải quyết mọi vấn đề:",soha
Thời Sự,Chủ tịch Quốc hội Vương Đình Huệ sẽ thăm chính thức Liên hiệp Vương quốc Anh và Bắc Ireland,"Chủ tịch Quốc hội Vương Đình Huệ dẫn đầu Đoàn đại biểu cấp cao Quốc hội nước Cộng hòa xã hội chủ nghĩa Việt Nam sẽ thăm chính thức Anh và Bắc Ireland từ ngày 28-30/6. Theo thông cáo từ Ủy ban Đối ngoại của Quốc hội, chuyến thăm được thực hiện theo lời mời của Chủ tịch Thượng viện Anh John Mcfall và Chủ tịch Hạ viện Linsay Hoyle.",baoquocte
Giải Trí,Ngọc Châu và top 16 Miss Universe Vietnam 'bốc lửa' với bikini,"Chung kết Hoa hậu Hoàn vũ Việt Nam 2022 trở thành tâm điểm chú ý khi mang đến những màn trình diễn mãn nhãn của dàn thí sinh trong những chiếc váy cocktail, áo dài cho đến bikini, dạ hội. Đặc biệt, 16 người đẹp xuất sắc nhất cuộc thi đã có cơ hội khoe những đường cong rực lửa cùng khả năng catwalk điêu luyện trên sân khấu trong bộ bikini đỏ nổi bật và chiếc áo choàng bay bổng.",thanhnien.vn
Giải Trí,Dàn mỹ nhân đọ dáng sexy trên thảm đỏ chung kết Hoa hậu Hoàn vũ Việt Nam,"Chung kết Hoa hậu Hoàn vũ Việt Nam 2022 diễn ra tại Trung tâm Hội chợ Triển lãm Sài Gòn SECC, Quận 7 (TP.HCM) với màn tranh tài của 41 người đẹp xuất sắc nhất. Trước khi bước vào những phần thi kịch tính và hấp dẫn, sự kiện được hâm nóng bằng màn “đổ bộ” của dàn mỹ nhân gợi cảm trên thảm đỏ: hoa hậu Khánh Vân, siêu mẫu Võ Hoàng Yến, siêu mẫu Vũ Thu Phương, á hậu Mâu Thủy, á hậu Kim Duyên....",thanhnien.vn
Xã Hội,[INFOGRAPHIC] Dịch sốt xuất huyết diễn biến phức tạp tại các tỉnh miền Tây,"Hiện tại, số bệnh nhi mắc sốt xuất huyết liên tục tăng, gấp 2 lần năm 2021, trong đó số ca nặng tăng gấp 3, nguy cơ tử vong cao. Dấu hiệu và cách phòng ngừa sốt xuất huyết * Mời quý độc giả theo dõi các chương trình đã phát sóng của Đài Truyền hình Việt Nam trên TV Online và VTVGo! Từ khóa:",vtv.vn
Xã Hội,"Người đàn ông tử vong do rơi từ tầng cao, mắc vào hàng rào","Tối 22/6, lãnh đạo UBND phường Đồng Tâm, quận Hai Bà Trưng, TP Hà Nội cho biết, trên địa bàn vừa xảy ra vụ việc một người đàn ông tử vong vì rơi từ tầng cao chung cư. Ban đầu, công an xác định người đàn ông này khoảng 65 tuổi, nghi tự tử. Công an đã phong tỏa tạm thời một khu vực đường Trần Đại Nghĩa, phía bờ sông, để phục vụ công tác đưa thi thể nạn nhân xuống mặt đất và bàn giao cho gia đình.",zingnews
Xã Hội,Tai nạn giao thông nghiêm trọng khiến 2 người tử vong,"Theo thông tin ban đầu, vào khoảng 3h30 cùng ngày, tại Km 6+200 quốc lộ 9C (đoạn qua xã Xuân Thủy, huyện Lệ Thủy) đã xảy ra vụ tai nạn giao thông nghiêm trọng giữa xe ô tô hiệu Kia Seltos và 3 người trên xe máy hiệu Dream. Vụ va chạm mạnh khiến 2 người tử vong tại chỗ, một người đang được đưa đi cấp cứu. Tại hiện trường, chiếc xe máy Dream hư hỏng nghiêm trọng, các mảnh vỡ vương vãi khắp nơi.",laodong
Xã Hội,Cơ cực bệnh nhân 'xóm chạy thận' quay quắt dưới cái nắng nóng đỉnh điểm ở Hà Nội,"Là người bình thường sống trong thời tiết nắng nóng đỉnh điểm như những ngày gần đây đã là một ""cực hình"", nhưng với những bệnh nhân ở xóm chạy thận tại ngõ 121 Lê Thanh Nghị, Hai Bà Trưng, Hà Nội thì thật sự là những ngày nỗi khốn khổ nhân lên gấp bội.",tienphong
Giải Trí,Người đẹp Việt thắng giải Tài năng Hoa hậu Chuyển giới Quốc tế 2022,"Ngày 20/06, đại diện Việt Nam - Trân Đài và các thí sinh đã chính thức bước vào phần thi Trang phục dân tộc và Tài năng tại Hoa hậu Chuyển giới Quốc tế 2022 (Miss International Queen 2022) tại Thái Lan. Đây là dịp để các người đẹp từ khắp nơi trên thế giới quảng bá văn hóa quốc gia thông qua những bộ trang phục dân tộc ý nghĩa mang đậm giá trị truyền thống.",dantri
Xã Hội,Gợi ý đáp án môn Ngữ văn kỳ thi tuyển sinh lớp 10 THPT công lập Hà Nội,"Môn Ngữ văn được thi theo hình thức tự luận, thời gian làm bài 120 phút. Theo nhận định của các giáo viên, cấu trúc đề thi tương tự như những năm trước, đề thi được giảm tải, nhẹ nhàng phù hợp với bối cảnh học sinh phải học trực tuyến dài ngày. Thí sinh có thể tham khảo hướng dẫn làm bài thi Ngữ văn dưới đây:",vov.vn
Xã Hội,Thủ tướng bổ nhiệm Chính ủy Quân chủng Phòng không - Không quân,"Cụ thể, tại Quyết định số 722/QĐ-TTg, Thủ tướng Chính phủ quyết định bổ nhiệm Thiếu tướng Nguyễn Anh Tuấn, Chủ nhiệm chính trị Bộ đội Biên phòng giữ chức Chính ủy Bộ đội Biên phòng. Tại Quyết định số 723/QĐ-TTg, Thủ tướng Chính phủ quyết định bổ nhiệm Thiếu tướng Trần Ngọc Quyến, Chủ nhiệm chính trị Quân chủng Phòng không - Không quân giữ chức Chính ủy Quân chủng Phòng không - Không quân.",dantri
Xã Hội,Bờ kè 'con đường lúa gạo' miền Tây xuống cấp nghiêm trọng,"Được biết, lãnh đạo UBND tỉnh Hậu Giang đã chỉ đạo huyện Vị Thủy kiểm tra để khắc phục, sửa chữa những đoạn kè bị hư hỏng, bảo đảm an toàn giao thông cho người dân. Những năm gần đây, tỉnh Hậu Giang tiếp tục đầu tư xây dựng bờ kè những đoạn còn lại nhằm chống sạt lở, bảo đảm an toàn, tạo mỹ quan cho khu vực hai bên dòng kênh.",tienphong
Giải Trí,"Cô gái Khơ Mú, Hoa khôi Luật gây 'sốt' tại Hoa hậu các dân tộc Việt Nam","Sau khi kết thúc vòng chung khảo tại khu vực phía Bắc, ban tổ chức Hoa hậu các dân tộc Việt Nam 2022 đã tìm ra 30 gương mặt ưu tú. So với khu vực phía nam, dàn thí sinh miền Bắc cũng không kém phần xinh đẹp và tài năng. Đáng chú ý, nhiều ứng viên còn có học vấn “khủng” với nhiều thành tích đáng nể.",thanhnien.vn
Đời Sống,"15 bức ảnh kỳ quặc khiến người xem hoài nghi về đôi mắt, nhìn vài lần mới hiểu","Đôi khi có những khoảnh khắc, hình ảnh bạn không thể hiểu ngay lần đầu nhìn thấy, thậm chí hoài nghi về chính đôi mắt của mình. Một góc khuất, góc nhìn không chuẩn cũng có thể đánh lừa thị giác, khiến người xem có cái nhìn sai lệch về thực tế. Dưới đây là 15 ví dụ đánh lừa thị giác khiến người xem bối rối, hoài nghi về đôi mắt, phải nhìn đi nhìn lại vài lần mới hiểu nội dung.",soha
Xã Hội,"Người dân quây màn ngủ dưới lòng đường để ""canh"" lúa, bất chấp nguy cơ tai nạn giao thông","Những ngày tháng 6, trên các tuyến đường liên huyện, liên xã, liên thôn thuộc huyện Thanh Oai, xuất hiện tình trạng các hộ nông dân tận dụng lòng đường để phơi thóc 24/24 giờ. Không khó để ghi lại hình ảnh người dân quây màn ngay trên lòng đường canh thóc lúa, tiềm ẩn nguy cơ tai nạn giao thông.",kenh14
Xã Hội,VIDEO: Bí mật bên trong quán karaoke Idol (PHẦN 1),"Qua các mối quan hệ và nhiều lần thuyết phục, chúng tôi được nhóm bạn của Tình ""trọc"" dẫn đến quán karaoke Idol ca hát và tận mắt chứng kiến những màn thác loạn tại nơi mà cô gái tên T.T.K (SN 2000) vì sợ bị ép tiếp khách đã nhảy từ lầu 5 quán karaoke Idol xuống đất bị chấn thương vào hồi đầu tháng 3/2022.",kenh14
